Data,Tipo,Likes,Comentarios,Legenda
2026-01-19 12:13:19-03:00,GraphVideo,620,14,"Qual o melhor horÃ¡rio pra postar no Instagram? ğŸ•’
Spoiler: nÃ£o tem resposta mÃ¡gicaâ€¦ mas tem inteligÃªncia artificial pra te ajudar nisso!

Eu sei que vocÃª vive dando Google ğŸ« 
Mas a real Ã© que nÃ£o existe um horÃ¡rio universal. Cada pÃºblico Ã© um universo diferente.

A boa notÃ­cia Ã© que... A mLabs agiliza esse processo!
Agora, vocÃª visualiza os melhores horÃ¡rios pra postar baseado no seu perfil, segmento e atÃ© nos concorrentes no Instagram.

Tudo em um clique, com dados reais e personalizados pra vocÃª postar com mais inteligÃªncia!

Teste agora na mLabs! Link na bio ğŸ”—â€‹ 

#gestorderedessociais #socialmediabrasil #socialmediabr #criadordeconteudo #criadoradeconteudo"
2025-12-09 07:50:22-03:00,GraphVideo,403,174,"Quais sÃ£o as datas importantes para criar conteÃºdo em 2026? â€‹ğŸ“†â€‹

JÃ¡ tÃ¡ na hora de planejar sua estratÃ©gia, descobrir aquelas datas que vÃ£o bombar e aproveitar oportunidades perfeitas pra engajar o seu pÃºblico!

E pra facilitar sua vida, o CalendÃ¡rio de Marketing 2026 da mLabs jÃ¡ traz as principais datas comemorativas separadas por nicho!

Nada de ficar procurando feriado por feriado ou tentando lembrar o â€œdia do clienteâ€ na correria. A mLabs te entrega prontinho!

ğŸ“© Comente QUERODATAS pra receber o link por DM e comeÃ§ar 2026 voando! 

#gestorderedessociais #socialmediabrasil #socialmediabr #criadordeconteudo #criadoradeconteudo
#agenciademarketing #agenciadigital #agenciadepublicidade #agenciademarketingdigital"
2026-02-10 11:15:22-03:00,GraphVideo,28,2,"Como a InteligÃªncia Artificial estÃ¡ sendo usada no dia a dia do Social Media? ğŸ¤” 
 
A IA jÃ¡ nÃ£o Ã© mais tendÃªncia. Ã‰ rotina. ğŸ¤– 

83% dos profissionais de mÃ­dias sociais jÃ¡ usam IA no dia a dia. E o crescimento foi acelerado, aumentando 66% de 2024 para 2025. 

Hoje, as principais aplicaÃ§Ãµes sÃ£o: 
ğŸ’¡ 84% usam IA para gerar ideias de campanhas e conteÃºdos 
âœï¸ 79% para redaÃ§Ã£o de textos 
ğŸ¬ 63% para roteirizaÃ§Ã£o e produÃ§Ã£o de vÃ­deos 

O fato Ã©: a IA virou uma forte aliada na missÃ£o de criaÃ§Ã£o de conteÃºdo em escala, o que ainda Ã© uma grande dor para os profissionais da Ã¡rea. 

Mas nÃ£o para por aÃ­.  43% dos profissionais utilizam a IA para geraÃ§Ã£o de insights a partir de dados, mostrando que a ferramentas tambÃ©m avanÃ§am em outras frentes e que o papel da IA vai alÃ©m da execuÃ§Ã£o: ela tambÃ©m apoia a inteligÃªncia estratÃ©gica. 

Quer entender melhor esse cenÃ¡rio e ver mais dados do mercado? O Panorama de AgÃªncias e Profissionais de MÃ­dias Sociais no Brasil traz os nÃºmeros que estÃ£o moldando o presente (e o futuro) do social. ğŸ“Š 

Acesse em: https://mla.bs/1945dbcd
#midiassociais #midiasocial #mÃ­diassociais #redessociaisparanegocios #marketingbrasil #gestaoderedessociais #gestaodemidiassociais
#inteligÃªnciaartificial #socialmedia"
2026-02-09 07:50:22-03:00,GraphVideo,53,0,"O que vocÃª acha de marcas que usam banco de imagens?
E de imagem gerada por IA? Conectaâ€¦ ou afasta?

ğŸ§  80% dos consumidores rejeitam banco de imagens.
E com a estimativa de que 90% do conteÃºdo online serÃ¡ criado por IA em 2026, como manter a conexÃ£o humana?

A resposta pode estar nas pessoas reais:
ğŸ‘¥ Clientes, colaboradores, comunidade.
âœ¨ UGC (conteÃºdo gerado por usuÃ¡rios) e EGC (gerado por funcionÃ¡rios) transmitem autenticidade, criam confianÃ§a e geram conexÃ£o verdadeira.

Bora deixar os feeds mais humanos?
#gestorderedessociais #socialmediabrasil #socialmediabr #criadordeconteudo #criadoradeconteudo
#agenciademarketing #agenciadepublicidade #agenciademarketingdigital #ugc #inteligÃªnciaartificial"
2026-02-06 08:30:00-03:00,GraphVideo,112,6,"Nem toda trend Ã© pra vocÃª. E tÃ¡ tudo bem.
A real Ã© que: entrar numa trend sÃ³ pra â€œviralizarâ€ pode nÃ£o ser o melhor caminho pra sua marcağŸ’¥

TÃ¡ todo mundo fazendo o mesmo tipo de conteÃºdo: as mesmas dancinhas, os mesmos Ã¡udios, os mesmos formatos... E o resultado? Poucos realmente se destacam.

EntÃ£o, antes de cair de cabeÃ§a na prÃ³xima trend, se pergunte:
ğŸ‘‰ Isso faz sentido para o meu pÃºblico?
ğŸ‘‰ Eu tenho algo novo para agregar?
ğŸ‘‰ Esse conteÃºdo entrega valor ou sÃ³ preenche o feed?

Se a resposta for â€œsimâ€, vai com tudo!
Mas se for â€œsÃ³ porque tÃ¡ todo mundo fazendoâ€... talvez seja melhor repensar.

NÃ£o Ã© sobre reinventar a roda, mas sobre trazer o seu olhar.
com identidade, com intenÃ§Ã£o, com autenticidade. âœ¨

E aÃ­: qual foi a Ãºltima trend que vocÃª pulou por nÃ£o ter a ver com sua marca? ğŸ‘€

#midiassociais #midiasocial #mÃ­diassociais #redessociaisparanegocios #dicasdemarketing dicasdemarketingdigital marketingbrasil gestaoderedessociais gestaodemidiassociais mLabs"
2026-02-05 07:50:19-03:00,GraphSidecar,180,5,"Tem muita agÃªncia por aqui? ğŸ‘€

Os dados do Panorama AgÃªncias e Profissionais de MÃ­dias Sociais no Brasil mostram que 65% das agÃªncias tÃªm equipes de atÃ© 5 pessoas. Estruturas enxutas, multifuncionais e que precisam ser eficientes todos os dias.

Quando olhamos para a quantidade de clientes, o cenÃ¡rio se confirma: a maioria atende atÃ© 10 ou 20 contas, equilibrando operaÃ§Ã£o, estratÃ©gia e entrega. ğŸ¤¯

E quem estÃ¡ do outro lado? Principalmente pequenas e mÃ©dias empresas, microempreendedores e profissionais liberais, um retrato bem claro de onde estÃ¡ a demanda real do mercado.

Agora conta pra gente, esse cenÃ¡rio se parece com a sua realidade? ğŸ¤”

#midiassociais #midiasocial #mÃ­diassociais #redessociaisparanegocios #dicasdemarketing #dicasdemarketingdigital #marketingbrasil #gestaoderedessociais #gestaodemidiassociais #mLabs"
2026-02-04 07:50:22-03:00,GraphVideo,42,1,"2026 chegou e jÃ¡ passou da hora de parar de sofrer com a gestÃ£o das redes sociais! ğŸ˜®â€ğŸ’¨

A mLabs reÃºne Instagram, TikTok, Facebook, X, LinkedIn, Pinterest e Youtube, tudo em um Ãºnico lugar. Sem mil abas abertas, sem correria e sem sufoco.

E tem mais: Agendamento e calendÃ¡rio de posts, geraÃ§Ã£o de relatÃ³rios, impulsionamento de postagens, gestÃ£o de equipes, anÃ¡lise de concorrentes e atÃ© gerador copy para legendas por IA,  pra quando a criatividade nÃ£o colabora. âœ¨

Parece um sonho, nÃ©? Mas Ã© muito real! E aÃ­, tÃ¡ pronto pra simplificar sua rotina?

Clique no link da bio para testar grÃ¡tis!

#midiassociais #gestaoderedessociais #gestaodemidiassociais #mLabs"
2026-02-03 07:50:20-03:00,GraphSidecar,92,0,"Na era da InteligÃªncia Artificial, a pergunta nÃ£o Ã© mais â€œcomo produzir mais conteÃºdo?â€, e sim: como criar conteÃºdos autÃªnticos, relevantes e que realmente gerem valor? 

Ã‰ aqui que o movimento Unshittification ganha forÃ§a: menos poluiÃ§Ã£o digital, mais conteÃºdo que faz sentido pra quem estÃ¡ do outro lado da tela. 

Hoje, conteÃºdo relevante de verdade precisa de: 
âœ¨ Autenticidade 
ğŸ¤ ConexÃ£o real com o pÃºblico 
ğŸ¯ RelevÃ¢ncia de verdade 

Porque nÃ£o basta postar. VocÃª precisa se destacar no feed, criar identificaÃ§Ã£o e construir uma relaÃ§Ã£o verdadeira com a audiÃªncia. Algo que nenhuma IA faz sozinha, nÃ©?! 

O DNA do ConteÃºdo chega pra ensinar exatamente isso. Em 3 dias de aulas gratuitas e online, Rafael Kiso, CMO da mLabs, mostra como criar conteÃºdo que engaja, conecta e se destaca em meio ao excesso de informaÃ§Ã£o. 

ğŸ’¬ Comenta 3DNA e garanta sua participaÃ§Ã£o!
#gestorderedessociais #socialmediabrasil #socialmediabr #criadordeconteudo #criadoradeconteudo #dnadoconteÃºdo #unshittfication #inteligÃªnciaartificial"
2026-02-02 19:11:03-03:00,GraphVideo,38,1,"VocÃª Ã© meu cliente e Ã© assim que aprova seus conteÃºdos ğŸ˜Œ

Ã‰ bem simples:
VocÃª recebe um e-mail, clica nele e jÃ¡ aparecem os conteÃºdos para a sua aprovaÃ§Ã£o, e vocÃª pode escolher entre em aprovar ou pedir ajustes. 

Assim fica tudo documentado para nÃ£o se perder entre mensagens do WhatsApp, mas ao mesmo tempo, simples de usar. 

#mlabs #socialmedia #conteÃºdoestratÃ©gico #gestÃ£oderedessociais"
2026-02-02 07:50:21-03:00,GraphVideo,1058,12,"As redes sociais estÃ£o pedindoâ€¦ desintoxicaÃ§Ã£o ğŸ“µ 

ğŸ“Œ Unshittification Ã© isso: o movimento que tenta â€œdespoluirâ€ a experiÃªncia online, focando na autenticidade e conexÃ£o humana. 

Quando tudo parece igual e raso, nada chama a atenÃ§Ã£o. E aÃ­ vem o reflexo direto: 

ğŸ“‰ Segundo a Financial Times, houve queda de 10% no tempo mÃ©dio diÃ¡rio global de uso das redes 
â³ Uma pesquisa da Toluna mostrou que 27% das pessoas entre 18 a 34 anos pretendem reduzir o tempo nas redes em 2026 

Ou seja: nÃ£o Ã© sÃ³ â€œo algoritmo mudandoâ€ â€¦ Ã‰ o pÃºblico cansando. 

A pergunta Ã©: o que sua marca estÃ¡ fazendo para desintoxicar o feed? 

Bora repensar o comportamento nas redes em 2026?  No novo episÃ³dio do Papo Social Media, Rafael Kiso (@rafaelkiso) e MÃ¡rcio Silva explicam como o unshittification pode ser o caminho para engajar e vender mais com consistÃªncia. 

Ficou interessado? 

ğŸ”— Comente QUEROPAPO para receber o link ou clique na bio! 
#midiassociais #midiasocial #mÃ­diassociais #redessociaisparanegocios #dicasdemarketing #dicasdemarketingdigital #marketingbrasil #gestaoderedessociais #gestaodemidiassociais #podcastbrasil #paposocialmedia"
2026-01-30 07:50:21-03:00,GraphVideo,405,15,"Na era da IA, muita gente acha que criar conteÃºdo ficou fÃ¡cil. 
Mas criar conteÃºdo que se destaca? Nem tanto. ğŸ¤” 
 
Muito mais do que sÃ³ postar, agora Ã© necessÃ¡rio criar conteÃºdos relevantes, que faÃ§am sentido pra quem estÃ¡ consumindo e que criem conexÃµes reais. E isso a IA nÃ£o consegue fazer sozinha. 
 
Se vocÃª quer aprender como fazer isso, conheÃ§a o DNA do ConteÃºdo: 3 dias de aulas online e gratuitas, em que Rafael Kiso, CMO da mLabs, mostra como criar conteÃºdos  autÃªnticos, que conectam e engajam, mesmo com o apoio da IA. 
 
Bora descobrir o DNA do seu conteÃºdo? 

Comenta 3DNA pra receber o link! ğŸ§¬ 
#midiassociais #midiasocial #mÃ­diassociais #redessociaisparanegocios #dicasdemarketing #dicasdemarketingdigital #marketingbrasil #gestaoderedessociais #gestaodemidiassociais #mlabs #gestorderedessociais #socialmediabrasil #socialmediabr #criadordeconteudo #criadoradeconteudo"
2026-01-29 07:50:19-03:00,GraphImage,950,23,"SerÃ¡ que em 2026 a gestÃ£o multiplataformas ainda Ã© â€œopcionalâ€? ğŸ‘€

O relatÃ³rio Digital 2026: Brazil (DataReportal) deixa uma coisa bem clara: o brasileiro nÃ£o escolhe uma rede. Ele estÃ¡ em todas!

ğŸ“Š Os nÃºmeros sÃ£o expressivos em todas as plataformas, mas os destaques vÃ£o para:

1ï¸âƒ£ Youtube com 150 milhÃµes de usuÃ¡rios.
2ï¸âƒ£ Instagram com 147 milhÃµes.
3ï¸âƒ£ TikTok com 131 milhÃµes.

E com nÃºmeros acima de 50 milhÃµes, ainda temos o Facebook (109M) e logo em seguida o LinkedIn (90M).

Diante desse cenÃ¡rio, fica claro: a gestÃ£o multiplataformas nÃ£o Ã© tendÃªncia. Ã‰ necessidade estratÃ©gica.

E vocÃª, estÃ¡ gerenciando presenÃ§a ou sÃ³ postando â€œquando dÃ¡â€?

#gestaoderedessociais #gestaodemidiassociais #mLabs"
2026-01-28 07:50:22-03:00,GraphVideo,135,14,"Ainda posta â€œna sorteâ€? Bora mudar isso.

Agora a mLabs tem um recurso com inteligÃªncia artificial que analisa os melhores horÃ¡rios para postar de acordo com:

ğŸ“Š Seu perfil, em vÃ¡rias redes
ğŸ“ˆ Seu segmento ou categoria
ğŸ“± E atÃ© nos perfis concorrentes no Instagram

Tudo com base em dados reais e personalizado pra vocÃª!
Chega de achismo. Poste com mais inteligÃªncia. ğŸ’¡

Teste agora dentro do Agendamento da mLabs. Link na bio!
#gestorderedessociais #socialmediabrasil #socialmediabr #criadordeconteudo #criadoradeconteudo"
2026-01-27 07:50:19-03:00,GraphSidecar,454,12,"As marcas mais amadas engajam maisâ€¦ ou engajam melhor? ğŸ‘€

A anÃ¡lise da mLabs, com base no ranking da Meio & Mensagem no nicho de alimentos, mostra que nÃ£o Ã© sÃ³ sobre postar mais ou seguir â€œo formato da modaâ€.

Tem marca com menos publicaÃ§Ãµes e mais interaÃ§Ãµes. E tem quem aposte forte em Reels, mas ainda assim nÃ£o lidere o engajamento. ğŸ¤·â€â™‚ï¸

O ponto em comum nÃ£o Ã© volume, Ã© decisÃ£o baseada em dados: escolher o formato certo, manter uma frequÃªncia sustentÃ¡vel e postar no timing adequado. 

Ã‰ isso que separa presenÃ§a digital de estratÃ©gia de conteÃºdo. Faz sentido? 

ğŸ‘‰ Quer analisar seus concorrentes com esse nÃ­vel de clareza?
Comente QUEROANÃLISE para receber o link por DM ou clique no link da bio e conheÃ§a a nova AnÃ¡lise de Concorrentes da mLabs.

#midiassociais #midiasocial #mÃ­diassociais #redessociaisparanegocios #dicasdemarketing #dicasdemarketingdigital #marketingbrasil #gestaoderedessociais #gestaodemidiassociais"
2026-01-26 11:50:22-03:00,GraphVideo,60,0,"Criar conteÃºdos que funcionam Ã© um desafio para vocÃª? ğŸ¤¯ 

Pensar em novos formatos para prender a atenÃ§Ã£o do pÃºblico pode ser uma missÃ£o e tanto. Principalmente quando suas referÃªncias estÃ£o apenas dentro das redes sociais. 

A dica Ã©: ative o olhar do criador. Ã‰ necessÃ¡rio entender o que desperta emoÃ§Ã£o no seu pÃºblico e, para isso, vocÃª precisa ampliar suas inspiraÃ§Ãµes. 

ğŸ’¬ Como disse a @hanahfranklin: â€œO maior ouro para se inspirar Ã© na vida real acontecendoâ€. 

E aÃ­, o que vocÃª tem feito para entender seu pÃºblico e produzir conteÃºdos criativos? ğŸ“±
#midiassociais #midiasocial #mÃ­diassociais #redessociaisparanegocios #dicasdemarketing #dicasdemarketingdigital #marketingbrasil #gestaoderedessociais #gestaodemidiassociais #podcastbrasil #paposocialmedia"
2026-01-23 07:50:21-03:00,GraphVideo,12201,256,"JÃ¡ parou para pensar no que a sua rede social diria se pudesse falar? ğŸ¤” 

Se hoje ela estÃ¡ assim: 
ğŸ“´ ConteÃºdos que passam despercebidos 
ğŸ“‰ Engajamento e alcance sÃ³ caindo 
ğŸ“– Perfil que virou apenas um catÃ¡logo digital 

DNA do ConteÃºdo chegou para mudar esse cenÃ¡rio! ğŸ§¬ 
 
SerÃ£o 3 dias de aulas gratuitas e online com @rafaelkiso, CMO da mLabs, para vocÃª aprender a criar conteÃºdo autÃªntico que se destacam, engajam e vendem. 

ğŸ”— Comente 3DNA para receber o link! 
#midiassociais #midiasocial #mÃ­diassociais #dicasdemarketing #mLabs"
2026-01-22 07:50:20-03:00,GraphImage,1003,276,"Ano novo pede planejamento novo ğŸ¤“

Se vocÃª quer comeÃ§ar o ano com mais organizaÃ§Ã£o no conteÃºdo, essa lista Ã© per(feita) pra vocÃª.

Reunimos aulas e cursos gratuitos que vÃ£o do essencial ao mais estratÃ©gico, pra te ajudar a sair do improviso e planejar melhor.

ğŸ” Spoiler: em fevereiro tem novidade chegando, com um conteÃºdo especial do nosso mestre dos dados, que vai aprofundar ainda mais o planejamento.

Comente 5CMS para receber os links por DM.

#midiassociais #midiasocial #mÃ­diassociais #redessociaisparanegocios #dicasdemarketing #dicasdemarketingdigital #marketingbrasil #gestaoderedessociais #gestaodemidiassociais #mLabs"
2026-01-21 07:50:20-03:00,GraphImage,528,3,"Pelo jeito, continuaremos ""embarcando neste carrossel"" ğŸ˜…

ğŸ  Segundo o mLabs Ãndice, o carrossel ainda lidera em engajamento, mas todos os formatos apresentaram queda em relaÃ§Ã£o a 2024.

Isso deixa claro que o engajamento nÃ£o depende sÃ³ do tipo de conteÃºdo, e sim da relevÃ¢ncia e consistÃªncia da comunicaÃ§Ã£o. O formato Ã© sÃ³ o meio; a lÃ³gica estÃ¡ na conexÃ£o com o pÃºblico.

Quer descobrir o engajamento por faixa de seguidores? Comente MLABSINDICE para acessar a ferramenta grÃ¡tis. ğŸ“Š

#midiassociais #midiasocial #mÃ­diassociais #redessociaisparanegocios #dicasdemarketing #dicasdemarketingdigital #marketingbrasil #gestaoderedessociais #gestaodemidiassociais #mLabs"
2026-01-20 07:50:20-03:00,GraphSidecar,86,0,"â€œQuando postarâ€ atingiu o pico de buscas no Google nos Ãºltimos 5 anos.
Nunca se procurou tanto pelo melhor horÃ¡rio pra postar nas redes. SÃ³ para Instagram, esse termo cresceu mais de 350%! ğŸ“ˆ

E vocÃª, ainda tÃ¡ tentando descobrir o seu?
Spoiler: ele nÃ£o vem numa pesquisa genÃ©rica.

Cada pÃºblico Ã© um universo. E o seu melhor horÃ¡rio Ã© sÃ³ seu. ğŸŒğŸ«µ
O ideal Ã© entender o que realmente funciona com a sua audiÃªncia. E isso exige testes. Mas por onde comeÃ§ar?

Saber quando o seu pÃºblico, o seu segmento e atÃ© seus concorrentes estÃ£o ativos jÃ¡ Ã© um Ã³timo ponto de partida. Assim, vocÃª identifica os horÃ¡rios de maior presenÃ§a online, percebe quais sÃ£o os mais concorridos e pode atÃ© evitar a competiÃ§Ã£o por atenÃ§Ã£o para se destacar no feed.

E pra te ajudar com isso, a mLabs lanÃ§ou uma inteligÃªncia artificial que analisa os melhores horÃ¡rios para postar nas redes sociais, com dados reais do seu perfil. VocÃª jÃ¡ pode conferir na plataforma! Acesse o link na bio.

ğŸ“© Quais horÃ¡rios costumam funcionar melhor por aÃ­?

#midiassociais #midiasocial #mÃ­diassociais #redessociaisparanegocios #dicasdemarketing #dicasdemarketingdigital #marketingbrasil #gestaoderedessociais #gestaodemidiassociais #mlabs #gestorderedessociais #socialmediabrasil #socialmediabr #criadordeconteudo #criadoradeconteudo"
2026-01-19 17:00:23-03:00,GraphVideo,263,5,"O algoritmo te odeia? ğŸ˜© 

Ou serÃ¡ que falta observar, estudar e aplicar as tÃ©cnicas certas pra criar conteÃºdo que realmente funciona? 

No novo episÃ³dio do Papo Social Media, @rafaelkiso recebe @hanahfranklin e @alefmarqs para um papo sobre como criar formatos criativos que: 

âœ… Funcionam de verdade 

ğŸ“Š Com base em anÃ¡lise de dados e comportamento humano 

ğŸ” E mÃ©todo cientÃ­fico aplicado! 

Bora criar conteÃºdos que conectam de verdade? 

ğŸ”— Comente QUEROPAPO para receber o link ou clique na bio! 
#midiassociais #midiasocial #mÃ­diassociais #redessociaisparanegocios #dicasdemarketing #dicasdemarketingdigital #marketingbrasil #gestaoderedessociais #gestaodemidiassociais #podcastbrasil #paposocialmedia"
2026-01-16 11:50:22-03:00,GraphVideo,44,16,"POV: vocÃª nÃ£o vai perder nenhuma data importante para conteÃºdo em 2026 ğŸ˜ŒğŸ“…

Isso porque o CalendÃ¡rio de Marketing da mLabs tem as principais datas comemorativas do ano separadas por nicho. E o melhor?

âœ¨ DÃ¡ pra importar direto na plataforma e ver tudo sinalizado no seu calendÃ¡rio! Assim, nenhuma oportunidade de conteÃºdo passa batida.

Chega de esquecer aquele dia importante ğŸ˜…
OrganizaÃ§Ã£o e estratÃ©gia? TÃ¡ na mÃ£o.

ğŸ“© Comente QUERODATAS pra receber o link por DM!

#gestorderedessociais #socialmediabrasil #socialmediabr #criadordeconteudo #criadoradeconteudo"
2026-01-15 11:30:00-03:00,GraphVideo,835,34,"Se vocÃª passa a maior parte do tempo:

âŒï¸ Apenas replicando o que vÃª por aÃ­
âŒï¸ Testando de tudo sem saber o que funciona
âŒï¸ Lutando contra a queda do engajamento

Saiba que em 2026 a autenticidade vai ser o grande diferencial para gerar mais resultados! E para se preparar, a sÃ©rie DNA do ConteÃºdo Ã© pra vocÃª ğŸ§¬â€‹

SerÃ£o 3 dias de aulas online e gratuitas, com o CMO da mLabs @rafaelkiso trazendo tudo o que vocÃª precisa saber para criar conteÃºdo autentico e se destacar. 

ğŸ”— Comenta 3DNA pra receber o link e nÃ£o ficar de fora!

#midiassociais #midiasocial #mÃ­diassociais #dicasdemarketing #mLabs"
2026-01-14 07:50:20-03:00,GraphSidecar,525,62,"SerÃ¡ que a manhÃ£ Ã© o novo â€œhorÃ¡rio nobreâ€ do Instagram? ğŸ“Š

Segundo o mLabs Ãndice, os segmentos de tecnologia, educaÃ§Ã£o e automotivo concentram suas postagens entre 9h e 12h, quando o pÃºblico ainda estÃ¡ com energia e o feed mais limpo. â˜•

Mas vale lembrar, cada segmento segue seu prÃ³prio ritmo, e entender esses padrÃµes Ã© o primeiro passo para criar uma estratÃ©gia guiada por dados (e nÃ£o por achismo).

Por isso, quer ver como o seu nicho se comporta? Comente MLABSINDICE e descubra no mLabs Ãndice! ğŸ”¥

#midiassociais #midiasocial #mÃ­diassociais #redessociaisparanegocios #dicasdemarketing #dicasdemarketingdigital #marketingbrasil #gestaoderedessociais #gestaodemidiassociais #mLabs"
2026-01-13 07:50:20-03:00,GraphImage,856,77,"Social media, atÃ© onde vai (e onde deveria parar) o seu escopo? ğŸ‘€

Os dados mostram que muita coisa ainda cai no colo do social mediaâ€¦ mesmo nÃ£o sendo, na prÃ¡tica, parte do nosso trabalho.

E quando tudo vira responsabilidade, nada fica muito claro: escopo bagunÃ§ado, expectativa fora da realidade e dificuldade de valorizar o que a gente entrega.

ğŸ’¡ Saber dizer o que nÃ£o Ã© funÃ§Ã£o tambÃ©m faz parte do crescimento profissional. Quanto mais claro o limite, mais tranquila tende a ser a relaÃ§Ã£o com clientes e equipes. Concorda?

Comente APMS para acessar a pesquisa completa.

#midiassociais #midiasocial #mÃ­diassociais #redessociaisparanegocios #dicasdemarketing #dicasdemarketingdigital #marketingbrasil #gestaoderedessociais #gestaodemidiassociais"
2026-01-12 11:50:22-03:00,GraphVideo,179,2,"ğŸ“± UGC ainda Ã© relevante em 2026?

Com certeza. E talvez mais do que nunca.

77% das pessoas usam as redes sociais para pesquisar antes de comprar. E sabe o que elas mais confiam? NÃ£o Ã© no @ oficial da marcaâ€¦ Ã© na opiniÃ£o de outros consumidores. Aposte em:

ğŸ‘¥ Depoimentos reais
ğŸ¥ ConteÃºdo feito por clientes
ğŸ—£ï¸ Provas sociais espontÃ¢neas

UGC vai alÃ©m de uma tendÃªncia, Ã© necessidade estratÃ©gica.
VocÃª jÃ¡ estÃ¡ usando isso a seu favor?

#midiassociais #dicasdemarketing #dicasdemarketingdigital #podcastbrasil #paposocialmedia"
2026-01-12 07:50:20-03:00,GraphImage,483,8,"AlÃ´, publicitÃ¡rios foliÃµes, algum on? ğŸ‰ğŸŸ¢

Fevereiro estÃ¡ chegando e jÃ¡ inicia comemorando a melhor profissÃ£o (modÃ©stia Ã  parte, social aqui ğŸ™ˆ), e vem com bloquinho, amor, criatividade eâ€¦ muitos posts para criar e subir!

Aproveita que ainda dÃ¡ tempo de planejar tudo e deixar o Carnaval sÃ³ para curtir. E ah! NÃ£o esquece de agendar seus conteÃºdos na mLabs para viver a folia tranqs, hein? <3

Quer receber o calendÃ¡rio de marketing completo? Comente QUERODATAS

#midiasocial #mÃ­diassociais #redessociaisparanegocios #dicasdemarketing #dicasdemarketingdigital #marketingbrasil #gestaoderedessociais #gestaodemidiassociais #mLabs"
2026-01-09 08:00:24-03:00,GraphVideo,894,20,"UM POST POR R$10,00??? ğŸ˜±
AtÃ© assusta, nÃ©?

Ã‰ por isso que conhecer o mercado de verdade faz toda a diferenÃ§a.
Pra isso, vocÃª precisa de dados reais, nÃ£o achismos.

O Panorama de AgÃªncias e Profissionais de MÃ­dias Sociais 2025 tÃ¡ no ar com dados atualizados sobre precificaÃ§Ã£o, rotina e os desafios reais de quem vive de social no dia a dia.

Corre no link pra conferir o estudo completo. Ã‰ gratuito e essencial ğŸ“Š

#midiassociais #midiasocial #dicasdemarketing #marketingbrasil #gestaoderedessociais #gestaodemidiassociais #mlabs #socialmediabrasil #socialmediabr #criadordeconteudo #criadoradeconteudo"
2026-01-08 11:55:20-03:00,GraphSidecar,429,7,"VocÃª sente que as mÃ­dias sociais estÃ£o virando um grande â€œbuscador de tudoâ€? ğŸ”

Neste ano, o foco estarÃ¡ em ser encontrado com facilidade, nÃ£o apenas em aparecer no feed.
O pÃºblico quer descobrir marcas e criadores que entregam valor de verdade, e isso muda totalmente a forma de produzir conteÃºdo.

ğŸ’¡ O desafio estÃ¡ em ser autÃªntico num mar de conteÃºdos parecidos e entender que engajamento nÃ£o Ã© sÃ³ curtida, Ã© relevÃ¢ncia real. Concorda?

Agora conta pra gente, qual dessas tendÃªncias vocÃª acha que mais vai mudar a forma de criar conteÃºdo em 2026?

#midiasocial #mÃ­diassociais #redessociaisparanegocios #dicasdemarketing #dicasdemarketingdigital #marketingbrasil #gestaoderedessociais #gestaodemidiassociais #mLabs"
2026-01-07 16:07:17-03:00,GraphVideo,2592,98,"NÃ£o existe outro caminho para entender aquilo que estÃ¡ performando a nÃ£o ser por meio da anÃ¡lise de concorrentes.

E, como a @socialmlabs pensa em tudo, eles lanÃ§aram uma nova ferramenta que faz toda a anÃ¡lise de concorrentes para vocÃª. Isso Ã© ouro puro.

JÃ¡ clica no link da bio e garanta mais agilidade e estratÃ©gia nos seus planejamentos de conteÃºdo.

#publi"
2026-01-07 07:50:23-03:00,GraphVideo,99,13,"Isso NÃƒO Ã© uma reuniÃ£o realâ€¦
Mas podia ser. Quem nunca ouviu ideia de campanha mirabolante? ğŸ˜‚

Mas sabe o que Ã© bem real?
A SUPERPROMO de Ano-Novo da mLabs tÃ¡ ON! ğŸ§¡

Comece 2026 com:
âœ… Agendamento pra vÃ¡rias redes
âœ… AprovaÃ§Ã£o de posts com cliente sem drama
âœ… RelatÃ³rios e dashboards em segundos
âœ… IA pra criar legendas, e muito mais!

Nada de champanhe, drone ou teco-teco com banner no cÃ©u.
SÃ³ estratÃ©gia de verdade e produtividade de sobra ğŸ’¥
Teste grÃ¡tis agora!

#gestorderedessociais #socialmediabrasil #socialmediabr #criadordeconteudo #criadoradeconteudo
#agenciademarketing #agenciadigital #agenciadepublicidade #agenciademarketingdigital"
2026-01-06 07:50:20-03:00,GraphImage,943,97,"Para vocÃª, qual a faixa saudÃ¡vel para uma entrega como essa? ğŸ¤”

ğŸ“Š A maioria dos profissionais cobra entre R$500 e R$1.499 por um pacote mensal de 12 posts com planejamento, execuÃ§Ã£o e interaÃ§Ã£o.

ğŸ‘€ Isso mostra que o mercado continua bem dividido, e que hÃ¡ espaÃ§o pra quem entrega estratÃ©gia e nÃ£o sÃ³ post bonito.

A lÃ³gica estÃ¡ em entender o valor do seu tempo, do seu conhecimento e do resultado que vocÃª entrega pro cliente. Faz sentido?

Comente APMS pra acessar a pesquisa completa.

#midiasocial #midiassociais #redessociaisparanegocios #dicasdemarketing #marketingbrasil #gestaoderedessociais #gestaodemidiassociais #mLabs"
2026-01-05 07:50:22-03:00,GraphVideo,210,19,"Feliz 2026! ğŸ† 

Vai ser um ano de mÃ³ pazâ€¦ ou de mais disputa por atenÃ§Ã£o nas redes? 

No novo episÃ³dio do Papo Social Media, @rafaelkiso fala sobre as tendÃªncias nas mÃ­dias sociais para 2026. Entenda o que deve mudar e o que estarÃ¡ em alta neste ano: 

ğŸ“‰ Queda de alcance e engajamento nas redes sociais 
ğŸ¤– O impacto da IA, da saturaÃ§Ã£o de conteÃºdo e a â€œdesintoxicaÃ§Ã£oâ€ dos feeds 
ğŸ˜‚ Autenticidade e pessoas reais ganham ainda mais espaÃ§o 
ğŸŒ± Como criar conexÃµes genuÃ­nas 
ğŸ”® E muito mais! 

Vai ser mÃ³ paz ou mÃ³ estratÃ©gia? 
ğŸ”— Comente QUEROPAPO para receber o link ou clique na bio! 
#midiassociais #midiasocial #mÃ­diassociais #redessociaisparanegocios #dicasdemarketing #dicasdemarketingdigital #marketingbrasil #gestaoderedessociais #gestaodemidiassociais #podcastbrasil #paposocialmedia"
2026-01-02 09:00:23-03:00,GraphVideo,262,77,"""Como conseguir mais engajamento em 2026?""
""Melhor horÃ¡rio pra postar no Instagram esse ano""
""Quanto cobra um social media em 2026?""
""Planejamento para redes sociais""

O histÃ³rico de pesquisa do social media em janeiro parece mais uma lista de metas ğŸ™ƒ

E a gente quer saber: o que vocÃª anda pesquisando por aÃ­?
Quais sÃ£o os seus objetivos e dÃºvidas pra 2026?

Conta aqui nos comentÃ¡rios
Vai que sua pergunta vira conteÃºdo por aqui ğŸ‘€

#gestorderedessociais #socialmediabrasil #socialmediabr #criadordeconteudo #criadoradeconteudo"
2025-12-29 07:50:22-03:00,GraphVideo,4780,11,"Esse ano foi assim pra vocÃª? ğŸ˜†

Esse Ã© um dos nossos posts com maior repercussÃ£o em 2025. O que percebemos com ele Ã© que nenhuma experiÃªncia Ã© individual!

Ainda que com muitos desafios no dia a dia, o Panorama da Ã¡rea mostra que profissionais de mÃ­dias sociais vÃªm sendo mais valorizados, ao mesmo tempo que buscam desenvolver habilidades para contribuiÃ§Ã£o estratÃ©gica. 

E nessa jornada de desenvolvimento, cuidar da saÃºde mental Ã© essencial! ğŸ§¡

Conta aqui nos comentÃ¡rios: qual o seu maior desejo profissional para 2026?

#midiassociais #midiasocial #mÃ­diassociais #marketingbrasil #gestorderedessociais #socialmediabrasil #socialmediabr #criadordeconteudo #criadoradeconteudo"
2025-12-23 07:50:23-03:00,GraphVideo,4072,16,"Esse post bombou tanto aqui no perfil, assim como a IA veio forte em 2025! ğŸ’¥

Uma coisa Ã© fato: 83% dos profissionais e agÃªncias de marketing jÃ¡ utilizam a IA no dia a dia.

ğŸ¤– Como vocÃª acha que serÃ¡ em 2026?

#SocialMedia  #socialmediabr #mlabs #marketingbrasil #midiassociais #midiasocial #mÃ­diassociais"
2025-12-22 07:50:20-03:00,GraphImage,2975,51,"Esse post deu o que falar em 2025! 

Ao olhar para tempo de consumo mensal dos brasileiros, o TikTok aparece em primeiro lugar. Ã‰ quase 1 hora por dia, em mÃ©dia, dentro da plataforma. ğŸ“Š

WhatsApp, Instagram e YouTube aparecem na sequÃªncia, com tempo de consumo bem prÃ³ximos no ranking.

E o que isso ensina pra gente?

Na era da retenÃ§Ã£o, o consumo digital Ã© multicanal, nÃ£o apenas com milhÃµes de usuÃ¡rios presentes em diversas plataformas, mas tambÃ©m com tempo de tela expressivo.

O desafio que fica Ã©: como capturar essa atenÃ§Ã£o, aumentar a retenÃ§Ã£o e gerar aÃ§Ã£o?

Faz sentido? ğŸ¤”

#midiassociais #midiasocial #mÃ­diassociais #redessociaisparanegocios #dicasdemarketing #dicasdemarketingdigital #marketingbrasil #gestaoderedessociais #gestaodemidiassociais"
2025-12-19 07:50:22-03:00,GraphVideo,56,3,"Se tem um presente incrÃ­vel que 2025 nos trouxe, com certeza foi o programa mLabs Partners! ğŸ¤

As agÃªncias parceiras certificadas pela mLabs fazem parte de um ecossistema de gestÃ£o de mÃºltiplos perfis nas redes sociais, ajudando milhares de marcas a obterem mais resultados com as redes sociais.

E esse vÃ­deo aqui Ã© uma forma de agradecer aos nossos Partners por esse ano e tambÃ©m dizer: 2026 estÃ¡ chegando com muitas novidades para vocÃªs!

Quer saber mais sobre o programa mLabs Partners?
Chama a gente aqui na DM ğŸ˜‰

#gestorderedessociais #socialmediabrasil #socialmediabr #criadordeconteudo #criadoradeconteudo
#agenciademarketing #agenciadigital #agenciadepublicidade #agenciademarketingdigital"
2025-12-18 07:50:23-03:00,GraphVideo,79,6,"Como estÃ¡ o calendÃ¡rio de posts por aÃ­? ğŸ“†

Esse foi um dos nossos melhores Reels de 2025 e trouxemos ele de volta para lembrar:

Com a mLabs, vocÃª consegue deixar seus posts programado para as principais mÃ­dias sociais!
Tudo com antecedÃªncia e otimizaÃ§Ãµes para vocÃª aproveitar o mÃ¡ximo de canal canal.

ğŸ¤” E aÃ­, jÃ¡ sabe qual vai ser sua aliada para 2026?

#agenciademarketing #agenciadigital #agenciadepublicidade #agenciademarketingdigital
#gestorderedessociais #socialmediabrasil #socialmediabr #criadordeconteudo #criadoradeconteudo #mlabs"
2025-12-17 07:50:20-03:00,GraphImage,2126,36,"Quando o dado Ã© valioso, vale a pena ver de novo! ğŸ”

AtÃ© rimou kkk

Fato Ã© que a nossa pesquisa com a @agenciaconversion foi tÃ£o interessante que resultou um dos melhores posts do ano aqui no perfil.

Ao mostrar canais onde brasileiros descobrem produtos, marcas e serviÃ§os, o dado reforÃ§a a pluralidade geracional e reforÃ§a a necessidade de contemplar canais diferentes na estratÃ©gia.

E vocÃª pode conferir muito mais na pesquisa sobre a Nova Jornada de Compra!
ğŸ” Comente JC25 para acessar grÃ¡tis.

#midiassociais #midiasocial #mÃ­diassociais #redessociaisparanegocios #dicasdemarketing #dicasdemarketingdigital #marketingbrasil #gestaoderedessociais #gestaodemidiassociais"
2025-12-16 11:50:22-03:00,GraphVideo,773,10,"VocÃª usa o Canva para criar posts? ğŸ¨

EntÃ£o bora conectar sua conta dentro da mLabs!

Com isso, vocÃª ganha mais agilidade e eficiÃªncia no processo de gestÃ£o de mÃ­dias sociais.

Desde o briefing, passando pela criaÃ§Ã£o, atÃ© o agendamento para mÃºltiplos canais.
Tudo num sÃ³ lugar, de forma inteligente!

JÃ¡ conhecia essa possibilidade?

#gestorderedessociais #socialmediabrasil #socialmediabr #criadordeconteudo #criadoradeconteudo"
2025-12-16 07:50:20-03:00,GraphSidecar,327,9,"Como Ã© o engajamento das marcas mais queridas pelos brasileiros? ğŸ§¡

Abrimos uma enquete nos stories pra escolher o prÃ³ximo ranking, e vocÃªs decidiram: marcas de moda, beleza e estilo! ğŸ‘—ğŸ’…

A anÃ¡lise da mLabs mostra que essas principais marcas, com base no ranking da @meioemensagem, tÃªm algo em comum: constÃ¢ncia e leitura de comportamento. Elas publicam com frequÃªncia, exploram formatos diversos e ajustam a presenÃ§a digital conforme o ritmo do pÃºblico, e Ã© essa combinaÃ§Ã£o que sustenta o engajamento ao longo do tempo. Arraste para conferir!

Quer comparar os nÃºmeros do seu mercado? VocÃª consegue gerar uma anÃ¡lise com atÃ© 15 marcas da sua escolha, direto na ferramenta!

ğŸ’¬ Comente QUEROANÃLISE para receber o link por DM ou acesse pelo link da bio.

#midiassociais #midiasocial #mÃ­diassociais #redessociaisparanegocios #dicasdemarketing #dicasdemarketingdigital #marketingbrasil #gestaoderedessociais #gestaodemidiassociais #mLabs"
2025-12-15 07:50:20-03:00,GraphImage,734,27,"Se janeiro tivesse um spoiler, seria esse post ğŸ—£ï¸

O mÃªs vem com temas perfeitos pra falar de recomeÃ§os, propÃ³sito e novos ciclos (e quem se antecipa sai na frente! ğŸ’¨).

Pra facilitar, reunimos as principais datas do mÃªs pra te ajudar a planejar os conteÃºdos com calma e comeÃ§ar o ano com tudo pronto. Sem correria e com muito mais estratÃ©gia. 

ğŸ‘‰ Quer receber o calendÃ¡rio de marketing completo? Comente QUERODATAS e garanta o seu!

 #midiassociais #midiasocial #mÃ­diassociais #redessociaisparanegocios #dicasdemarketing #dicasdemarketingdigital #marketingbrasil #gestaoderedessociais #gestaodemidiassociais #mLabs"
2025-12-12 07:50:22-03:00,GraphVideo,1868,18,"2026 Ã© o NOSSO ano! 

SÃ£o 9 feriados em dias Ãºteis e muuuitas ideias de conteÃºdo pra aproveitar cada oportunidade. E claro, descansar tambÃ©m, porque ninguÃ©m Ã© de ferro, nÃ©? ğŸ˜®â€ğŸ’¨ğŸ’†â€â™€ï¸

EntÃ£o bora se planejar com antecedÃªncia, evitar a correria e transformar cada data em uma chance de engajar e entregar valor!

ğŸ”— Comenta QUERODATAS e receba o calendÃ¡rio de marketing completÃ£o!

#gestorderedessociais #socialmediabrasil #socialmediabr #criadordeconteudo #criadoradeconteudo
#agenciademarketing #agenciadigital #agenciadepublicidade #agenciademarketingdigital"
2025-12-11 07:50:20-03:00,GraphImage,583,18,"O formato que mais engaja no Instagram mudou? ğŸ‘€

Em novembro deste ano, os carrossÃ©is assumiram o TOP 1 em engajamento. Mesmo com uma leve queda, continuam sendo o formato que mais prende a atenÃ§Ã£o e incentiva interaÃ§Ã£o, especialmente quando trazem um bom storytelling que flui de slide em slide.

JÃ¡ os vÃ­deos perderam um pouco da forÃ§a. O pÃºblico segue assistindo, mas parece mais seletivo: sÃ³ para quando algo realmente desperta curiosidade nos primeiros segundos. O formato Ã© bom, o contexto precisa ser melhor.

ğŸ’¡ No fim, o que mais engaja nÃ£o Ã© o tipo de post, e sim o quanto ele faz sentido pra quem estÃ¡ do outro lado da tela. O formato muda, mas a lÃ³gica continua a mesma: conteÃºdo com propÃ³sito sempre encontra espaÃ§o. Concorda?

Quer descobrir o engajamento por faixa de seguidores? Comente MLABSINDICE para acessar a ferramenta grÃ¡tis.

#midiassociais #midiasocial #mÃ­diassociais #redessociaisparanegocios #dicasdemarketing #dicasdemarketingdigital #marketingbrasil #gestaoderedessociais #gestaodemidiassociais #mLabs"
2025-12-10 11:50:21-03:00,GraphVideo,448,7,"VocÃª cria conteÃºdo que representa a marca ou sÃ³ o que estÃ¡ em alta?

Ã‰ comum cair na correria da entrega e seguir trends que nem sempre tÃªm a ver com o posicionamento da marca. E Ã s vezes, esse posicionamento nem existe.

Se esse Ã© o seu caso, aqui vai uma dica:

âœ¨ Pergunte sobre os pilares da marca
ğŸ—£ï¸ Entenda o tom de voz
ğŸ“Œ Descubra o que a marca quer representar no mercado

Com essas respostas em mÃ£os, fica muito mais fÃ¡cil criar conteÃºdo estratÃ©gico, relevante e com identidade.

ğŸ‘‰ VocÃª jÃ¡ teve dificuldade pra entender o posicionamento da marca que atende?

#midiassociais #midiasocial #mÃ­diassociais #redessociaisparanegocios #dicasdemarketing #dicasdemarketingdigital #marketingbrasil #gestaoderedessociais #gestaodemidiassociais #podcastbrasil #paposocialmedia"
2025-12-08 10:00:22-03:00,GraphSidecar,461,146,"Quer entender como usar isso pra comeÃ§ar 2026 com vantagem real? Comenta ANÃLISE que a Mlabs e a Koko te explicam o caminho.

#gestorderedessociais #socialmediabrasil #socialmediabr #criadordeconteudo #criadoradeconteudo
#agenciademarketing #agenciadigital #agenciadepublicidade #agenciademarketingdigital"
2025-12-08 07:50:00-03:00,GraphVideo,2510,21,"Nessa Ã©poca, era sÃ³ diversÃ£o. Criar comunidade era enviar um buddypoke ğŸ¤­

A gente sÃ³ nÃ£o sabia que aquilo ali ia virar profissÃ£o. E que um dia ia se chamar marketing de conteÃºdo, gestÃ£o de redes sociais, social media...

Agora, anos depois, a brincadeira virou carreira e o mercado cresceu com a gente. O panorama de agÃªncias e profissionais de mÃ­dias sociais 2025 tÃ¡ aÃ­ pra mostrar isso com dados reais:

ğŸ“Š quanto o social media tÃ¡ cobrando
ğŸ§° quais ferramentas estÃ£o ajudando
ğŸ“ˆ quais sÃ£o os desafios (e as oportunidades) do momento

Se vocÃª quer entender o cenÃ¡rio onde trabalha hoje, que nasceu lÃ¡ atrÃ¡s entre scraps, buddypoke e depoimentos no orkut, comenta APMS e receba o estudo completo no seu direct!

#socialmediabrasil #socialmediabr #criadordeconteudo #criadoradeconteudo
#midiassociais #midiasocial #mÃ­diassociais #redessociaisparanegocios #dicasdemarketing #dicasdemarketingdigital #marketingbrasil #gestaoderedessociais #gestaodemidiassociais"
2025-12-05 07:50:23-03:00,GraphVideo,61915,39,"TÃ¡ sempre apagando incÃªndio e esquecendo de vocÃª no processo? ğŸ”¥â€‹ğŸ§¯â€‹

NÃ£o tem como cuidar de cliente, algoritmo e conteÃºdo sem cuidar de vocÃª primeiro.

E saÃºde mental tambÃ©m tem a ver com ter informaÃ§Ã£o na mÃ£o: saber quanto cobrar, o que tÃ¡ funcionando no mercado, e quais ferramentas podem deixar sua rotina menos caÃ³tica.

Ã‰ exatamente isso que o Panorama de AgÃªncias e Profissionais de MÃ­dias Sociais 2025 entrega:

ğŸ“Š Um retrato real do mercado, com dados pra te ajudar a decidir melhor, se posicionar com mais confianÃ§a e montar uma rotina mais leve.

Quer essa virada de chave?
â€‹ğŸ”—â€‹ Comenta APMS pra receber o link da pesquisa completa! 

#gestorderedessociais #socialmediabrasil #socialmediabr #criadordeconteudo #criadoradeconteudo"
2025-12-04 07:50:20-03:00,GraphImage,652,28,"E tem quem diga que â€œÃ© sÃ³ criar postâ€ ğŸ¥µ

ğŸ“Š O Panorama Profissionais de MÃ­dias Sociais no Brasil 2025 revela que, alÃ©m de criar conteÃºdo, grande parte dos profissionais de mÃ­dias sociais tambÃ©m planeja, analisa, gera relatÃ³rios e interpreta dados para apoiar decisÃµes de marketing.

Com o avanÃ§o das demandas e da tecnologia, Ã© natural que as funÃ§Ãµes se expandam, mas a reflexÃ£o Ã© sempre vÃ¡lida: atÃ© que ponto isso Ã© estratÃ©gico, e quando passa a ser sobrecarga? Faz sentido?

Comente APMS para acessar a pesquisa completa e comparar sua realidade com o mercado. ğŸ’¬

#midiassociais #midiasocial #mÃ­diassociais #redessociaisparanegocios #dicasdemarketing #dicasdemarketingdigital #marketingbrasil #gestaoderedessociais #gestaodemidiassociais #mLabs"
2025-12-03 07:50:20-03:00,GraphSidecar,402,41,"Os horÃ¡rios mais usados para postar no Instagram variam (e muito!) conforme o segmento. ğŸ•“

ğŸ“Š Dados do mLabs Ãndice mostram que cada Ã¡rea segue um ritmo prÃ³prio na rede. 

Perfis de E-commerce, por exemplo, costumam concentrar publicaÃ§Ãµes nas manhÃ£s, aproveitando o inÃ­cio da jornada digital diÃ¡ria do pÃºblico. 

JÃ¡ instituiÃ§Ãµes pÃºblicas e governamentais priorizam o perÃ­odo da tarde e inÃ­cio da noite, quando hÃ¡ maior atenÃ§Ã£o durante o expediente e transiÃ§Ã£o para o pÃ³s-trabalho.

ğŸ’¡ Esses padrÃµes revelam mais do que simples hÃ¡bitos de postagem, refletem a rotina, o contexto e o comportamento de cada audiÃªncia. Entender essa lÃ³gica Ã© o primeiro passo para ajustar sua estratÃ©gia de conteÃºdo com base em dados reais, e nÃ£o em achismos. Concorda?

Comente MLABSINDICE para visualizar mais segmentos. ğŸ’¬

#midiassociais #midiasocial #mÃ­diassociais #redessociaisparanegocios #dicasdemarketing #dicasdemarketingdigital #marketingbrasil #gestaoderedessociais #gestaodemidiassociais #mLabs"
